artist_key,name_en,stage_name
2NDFLOOR,2NDFLOOR,HANOK
AFRODITE,AFRODITE,JANDI
AIRHOUSECEREMONY,AIRHOUSE CEREMONY,MADANG
AIRHOUSEYOGAFLOW,AIRHOUSE YOGA FLOW,MADANG
ANTWORK,ANTWORK,HANOK
ARMENMIRAN,ARMEN MIRAN,JANDI
BAMBOUNOU,BAMBOUNOU,JANDI
BINH,BINH,HANOK
BODYARTMEDITATION,BODY ART MEDITATION,MAUM
CHANGKIHA,CHANG KIHA,BARAM
CHANGSEAHEE,CHANG SEAHEE,EXHIBITION
CHAWOOL,CHAWOOL,MADANG
CONXISANELIVEPAINTING,CONXI SANE (LIVE PAINTING),EXHIBITION
COSMJN,COSMJN,HANOK
DAMONSYEAR,DAMONS YEAR,MADANG
DANGJOKLIVECOUNSELINGCENTER,DANGJOK LIVE COUNSELING CENTER,MADANG
DAOX,DAOX,JANDI
DATAMEMORYACCESSLIVE,DATA MEMORY ACCESS (LIVE),HANOK
DEMUJA,DEMUJA,JANDI
DGURU,DGURU,JANDI
DISCOAEROBIC,DISCO AEROBIC,MADANG
DJMASDA,DJ MASDA,HANOK
DJSIN,DJ SIN,SOOP
DJSOULSCAPE,DJ SOULSCAPE,MAUM
DJSOULSCAPE,DJ SOULSCAPE,SOOP
DOTT,DOTT,HANOK
DUUMOK,DUUMOK,JANDI
FIELDRECORDING,FIELD RECORDING,MADANG
FRANCESCODELGARDA,FRANCESCO DEL GARDA,HANOK
FRANCESCOFARFA,FRANCESCO FARFA,HANOK
GABBS,GABBS,HANOK
GOOGIJEONG,GOO GIJEONG,EXHIBITION
HANDPANMORNINGFLOW,HANDPAN MORNING FLOW,MAUM
HEALINGHATHAYOGA,HEALING HATHA YOGA,MAUM
HEENDANCEKICO,HEEN DANCE : KICO,MADANG
INDIGODYEINGEXPERIENCE,INDIGO DYEING EXPERIENCE,MADANG
INDIGOMOONWAVESOUNDHEALING,INDIGO MOONWAVE SOUNDHEALING,MAUM
INDIGOSUNRISEAWAKENINGTHEEARTHRESONANCE432HZ,INDIGO SUNRISE AWAKENING THE EARTH RESONANCE(432Hz),MAUM
ISAAC,ISAAC,SOOP
JINMOO,JINMOO,SOOP
JISOKURYCLUB,JISOKURYCLUB,BARAM
JONGHOLIVE,JONGHO (LIVE),MAUM
JUNGSEUNG,JUNG SEUNG,EXHIBITION
KIBUM,KIBUM,HANOK
KIBUMB2BCOSMJN,KIBUM B2B COSMJN,HANOK
KIMOKIEXORCISTKING,KIM OKI : EXORCIST KING,MAUM
KIMSAWOL,KIM SAWOL,MAUM
KNNDUKU,KNNDUKU,SOOP
KONDUKU,KONDUKU,SOOP
KOREAFOODHANDRITUAL,KOREA FOOD HAND RITUAL,MADANG
LEFTOEARLYBIRD,LEFTO EARLY BIRD,JANDI
LYUMIN,LYUMIN,HANOK
MARCOSHUTTLE,MARCO SHUTTLE,SOOP
MEANINGFULSTONE,MEANINGFUL STONE,BARAM
MIHAK,MIHAK,HANOK
MINDFULAROMATHERAPYANDROLLONMAKING,MINDFUL AROMATHERAPY & ROLL-ON MAKING,MADANG
MOGWAALIVE,MOGWAA (LIVE),MAUM
MOTHEROFPEARLKEYRINGMAKING,MOTHER-OF-PEARL KEYRING MAKING,MADANG
NABIYONLIVEIMPROVISEDVOICEANDSOUNDHEALING,NABIYON (LIVE) IMPROVISED VOICE & SOUND HEALING,MAUM
NICOLASLUTZ,NICOLAS LUTZ,HANOK
NOMTII,NOMTII,JANDI
NOVASIA,NOVASIA,MAUM
OUISSAM,OUISSAM,JANDI
OUISSAM,OUISSAM,MAUM
OYSTERS,OYSTERS,BARAM
RAKUNELAMA,RAKUNELAMA,BARAM
RAPHAELCARRAU,RAPHAEL CARRAU,HANOK
ROBERTISTOC,ROBERT ISTOC,MAUM
ROBERTISTOC,ROBERT ISTOC,SOOP
ROZATERENZI,ROZA TERENZI,JANDI
SALLYC,SALLY C,JANDI
SAMUI,SAMUI,MADANG
SAMULNORIONPANON,SAMULNORI ON : PAN ON,MADANG
SAYSUEME,SAY SUE ME,BARAM
SHONKY,SHONKY,HANOK
SPACEMOTION,SPACE MOTION,JANDI
STUDIONOKE,STUDIO NOKE,EXHIBITION
SUNDAYLEE,SUNDAY LEE,JANDI
SUNDOWNGONGCEREMONY,SUNDOWN GONG CEREMONY,MAUM
SUNGHOON,SUNGHOON,SOOP
SUNJUHARGUN,SUNJU HARGUN,SOOP
SEBASTIENLEGER,SÉBASTIEN LÉGER,JANDI
VENERABLEBOMANSBUDDHISTPSYCHOLOGY,VENERABLE BOMAN’S BUDDHIST PSYCHOLOGY,MAUM
VERA,VERA,HANOK
VERA,VERA,MAUM
VIIAYEON,VIIA YEON,EXHIBITION
VINYASAMOVEMENT,VINYASA MOVEMENT,MAUM
VOICEOFTHETREESAFORESTTEMPLE,VOICE OF THE TREES: A FOREST TEMPLE,MAUM
WELLNESSTAEKWONDO,WELLNESS TAEKWONDO,MADANG
XANEXX,XANEXX,SOOP
YOUNGSUN,YOUNG SUN,HANOK
ZAHOWHERERHYTHMPAUSES,ZAHO: WHERE RHYTHM PAUSES,MAUM
ZORBA,ZORBA,SOOP
