slug,name,is_published
2ndfloor,2NDFLOOR,true
afrodite,AFRODITE,true
airhouse-ceremony,AIRHOUSE CEREMONY,true
airhouse-yoga-flow,AIRHOUSE YOGA FLOW,true
antwork,ANTWORK,true
armen-miran,ARMEN MIRAN,true
bambounou,BAMBOUNOU,true
binh,BINH,true
body-art-meditation,BODY ART MEDITATION,true
chang-kiha,CHANG KIHA,true
chang-seahee,CHANG SEAHEE,true
chawool,CHAWOOL,true
conxi-sane-live-painting,CONXI SANE (LIVE PAINTING),true
cosmjn,COSMJN,true
damons-year,DAMONS YEAR,true
dangjok-live-counseling-center,DANGJOK LIVE COUNSELING CENTER,true
daox,DAOX,true
data-memory-access-live,DATA MEMORY ACCESS (LIVE),true
demuja,DEMUJA,true
dguru,DGURU,true
disco-aerobic,DISCO AEROBIC,true
dj-masda,DJ MASDA,true
dj-sin,DJ SIN,true
dj-soulscape,DJ SOULSCAPE,true
dott,DOTT,true
duumok,DUUMOK,true
field-recording,FIELD RECORDING,true
francesco-del-garda,FRANCESCO DEL GARDA,true
francesco-farfa,FRANCESCO FARFA,true
gabbs,GABBS,true
goo-gijeong,GOO GIJEONG,true
handpan-morning-flow,HANDPAN MORNING FLOW,true
healing-hatha-yoga,HEALING HATHA YOGA,true
heen-dance-kico,HEEN DANCE : KICO,true
indigo-dyeing-experience,INDIGO DYEING EXPERIENCE,true
indigo-moonwave-soundhealing,INDIGO MOONWAVE SOUNDHEALING,true
indigo-sunrise-awakening-the-earth-resonance-432hz,INDIGO SUNRISE AWAKENING THE EARTH RESONANCE(432Hz),true
isaac,ISAAC,true
jinmoo,JINMOO,true
jisokuryclub,JISOKURYCLUB,true
jongho-live,JONGHO (LIVE),true
jung-seung,JUNG SEUNG,true
kibum,KIBUM,true
kibum-b2b-cosmjn,KIBUM B2B COSMJN,true
kim-oki-exorcist-king,KIM OKI : EXORCIST KING,true
kim-sawol,KIM SAWOL,true
knnduku,KNNDUKU,true
konduku,KONDUKU,true
korea-food-hand-ritual,KOREA FOOD HAND RITUAL,true
lefto-early-bird,LEFTO EARLY BIRD,true
lyumin,LYUMIN,true
marco-shuttle,MARCO SHUTTLE,true
meaningful-stone,MEANINGFUL STONE,true
mihak,MIHAK,true
mindful-aromatherapy-and-roll-on-making,MINDFUL AROMATHERAPY & ROLL-ON MAKING,true
mogwaa-live,MOGWAA (LIVE),true
mother-of-pearl-keyring-making,MOTHER-OF-PEARL KEYRING MAKING,true
nabiyon-live-improvised-voice-and-sound-healing,NABIYON (LIVE) IMPROVISED VOICE & SOUND HEALING,true
nicolas-lutz,NICOLAS LUTZ,true
nomtii,NOMTII,true
novasia,NOVASIA,true
ouissam,OUISSAM,true
oysters,OYSTERS,true
rakunelama,RAKUNELAMA,true
raphael-carrau,RAPHAEL CARRAU,true
robert-istoc,ROBERT ISTOC,true
roza-terenzi,ROZA TERENZI,true
sally-c,SALLY C,true
samui,SAMUI,true
samulnori-on-pan-on,SAMULNORI ON : PAN ON,true
say-sue-me,SAY SUE ME,true
shonky,SHONKY,true
space-motion,SPACE MOTION,true
studio-noke,STUDIO NOKE,true
sunday-lee,SUNDAY LEE,true
sundown-gong-ceremony,SUNDOWN GONG CEREMONY,true
sunghoon,SUNGHOON,true
sunju-hargun,SUNJU HARGUN,true
sebastien-leger,SÉBASTIEN LÉGER,true
venerable-boman-s-buddhist-psychology,VENERABLE BOMAN’S BUDDHIST PSYCHOLOGY,true
vera,VERA,true
viia-yeon,VIIA YEON,true
vinyasa-movement,VINYASA MOVEMENT,true
voice-of-the-trees-a-forest-temple,VOICE OF THE TREES: A FOREST TEMPLE,true
wellness-taekwondo,WELLNESS TAEKWONDO,true
xanexx,XANEXX,true
young-sun,YOUNG SUN,true
zaho-where-rhythm-pauses,ZAHO: WHERE RHYTHM PAUSES,true
zorba,ZORBA,true
